{"cameraMode":{"drawMode":0,"name":"Shaded","section":"Shading Mode"},"sceneLighting":false,"audioPlay":false,"sceneViewState":{"showFog":true,"showMaterialUpdate":false,"showSkybox":true,"showFlares":true,"showImageEffects":true,"showParticleSystems":true},"in2DMode":false,"pivot":{"x":0.8799999952316284,"y":0.0,"z":0.9399999976158142},"rotation":{"x":-0.26565563678741457,"y":0.09785427898168564,"z":-0.027172038331627847,"w":-0.9587496519088745},"size":3.417665481567383,"orthographic":false}