{"cameraMode":{"drawMode":0,"name":"Shaded","section":"Shading Mode"},"sceneLighting":true,"audioPlay":false,"sceneViewState":{"showFog":true,"showMaterialUpdate":false,"showSkybox":true,"showFlares":true,"showImageEffects":true,"showParticleSystems":true},"in2DMode":false,"pivot":{"x":-0.06787271052598953,"y":3.468970775604248,"z":-2.4285099506378176},"rotation":{"x":-0.3043442666530609,"y":-0.020282255485653878,"z":0.006411363370716572,"w":-0.9523624777793884},"size":1.7913408279418946,"orthographic":false}